{
  "collections": [{
    "name": "courses",
    "nameOld": "courses",
    "icon": null,
    "integration": null,
    "isReadOnly": false,
    "isSearchable": true,
    "isVirtual": false,
    "onlyForRelationships": false,
    "paginationType": "page",
    "fields": [{
      "field": "_id",
      "type": "String",
      "defaultValue": null,
      "enums": null,
      "integration": null,
      "isFilterable": true,
      "isReadOnly": false,
      "isRequired": false,
      "isSortable": true,
      "isVirtual": false,
      "reference": null,
      "inverseOf": null,
      "validations": []
    }, {
      "field": "featured",
      "type": "Boolean",
      "defaultValue": null,
      "enums": null,
      "integration": null,
      "isFilterable": true,
      "isReadOnly": false,
      "isRequired": false,
      "isSortable": true,
      "isVirtual": false,
      "reference": null,
      "inverseOf": null,
      "validations": []
    }, {
      "field": "published",
      "type": "Date",
      "defaultValue": null,
      "enums": null,
      "integration": null,
      "isFilterable": true,
      "isReadOnly": false,
      "isRequired": false,
      "isSortable": true,
      "isVirtual": false,
      "reference": null,
      "inverseOf": null,
      "validations": []
    }, {
      "field": "tags",
      "type": ["String"],
      "defaultValue": null,
      "enums": null,
      "integration": null,
      "isFilterable": true,
      "isReadOnly": false,
      "isRequired": false,
      "isSortable": true,
      "isVirtual": false,
      "reference": null,
      "inverseOf": null,
      "validations": []
    }, {
      "field": "title",
      "type": "String",
      "defaultValue": null,
      "enums": null,
      "integration": null,
      "isFilterable": true,
      "isReadOnly": false,
      "isRequired": false,
      "isSortable": true,
      "isVirtual": false,
      "reference": null,
      "inverseOf": null,
      "validations": []
    }],
    "segments": [],
    "actions": []
  }, {
    "name": "lessons",
    "nameOld": "lessons",
    "icon": null,
    "integration": null,
    "isReadOnly": false,
    "isSearchable": true,
    "isVirtual": false,
    "onlyForRelationships": false,
    "paginationType": "page",
    "fields": [{
      "field": "_id",
      "type": "String",
      "defaultValue": null,
      "enums": null,
      "integration": null,
      "isFilterable": true,
      "isReadOnly": false,
      "isRequired": false,
      "isSortable": true,
      "isVirtual": false,
      "reference": null,
      "inverseOf": null,
      "validations": []
    }, {
      "field": "content",
      "type": "String",
      "defaultValue": null,
      "enums": null,
      "integration": null,
      "isFilterable": true,
      "isReadOnly": false,
      "isRequired": false,
      "isSortable": true,
      "isVirtual": false,
      "reference": null,
      "inverseOf": null,
      "validations": []
    }, {
      "field": "course",
      "type": "String",
      "defaultValue": null,
      "enums": null,
      "integration": null,
      "isFilterable": true,
      "isReadOnly": false,
      "isRequired": false,
      "isSortable": true,
      "isVirtual": false,
      "reference": "courses._id",
      "inverseOf": null,
      "validations": []
    }, {
      "field": "title",
      "type": "String",
      "defaultValue": null,
      "enums": null,
      "integration": null,
      "isFilterable": true,
      "isReadOnly": false,
      "isRequired": false,
      "isSortable": true,
      "isVirtual": false,
      "reference": null,
      "inverseOf": null,
      "validations": []
    }],
    "segments": [],
    "actions": []
  }, {
    "name": "sessions",
    "nameOld": "sessions",
    "icon": null,
    "integration": null,
    "isReadOnly": false,
    "isSearchable": true,
    "isVirtual": false,
    "onlyForRelationships": false,
    "paginationType": "page",
    "fields": [{
      "field": "_id",
      "type": "String",
      "defaultValue": null,
      "enums": null,
      "integration": null,
      "isFilterable": true,
      "isReadOnly": false,
      "isRequired": false,
      "isSortable": true,
      "isVirtual": false,
      "reference": null,
      "inverseOf": null,
      "validations": []
    }, {
      "field": "expires",
      "type": "Date",
      "defaultValue": null,
      "enums": null,
      "integration": null,
      "isFilterable": true,
      "isReadOnly": false,
      "isRequired": false,
      "isSortable": true,
      "isVirtual": false,
      "reference": null,
      "inverseOf": null,
      "validations": []
    }, {
      "field": "session",
      "type": "String",
      "defaultValue": null,
      "enums": null,
      "integration": null,
      "isFilterable": true,
      "isReadOnly": false,
      "isRequired": false,
      "isSortable": true,
      "isVirtual": false,
      "reference": null,
      "inverseOf": null,
      "validations": []
    }],
    "segments": [],
    "actions": []
  }, {
    "name": "users",
    "nameOld": "users",
    "icon": null,
    "integration": null,
    "isReadOnly": false,
    "isSearchable": true,
    "isVirtual": false,
    "onlyForRelationships": false,
    "paginationType": "page",
    "fields": [{
      "field": "_id",
      "type": "String",
      "defaultValue": null,
      "enums": null,
      "integration": null,
      "isFilterable": true,
      "isReadOnly": false,
      "isRequired": false,
      "isSortable": true,
      "isVirtual": false,
      "reference": null,
      "inverseOf": null,
      "validations": []
    }, {
      "field": "email",
      "type": "String",
      "defaultValue": null,
      "enums": null,
      "integration": null,
      "isFilterable": true,
      "isReadOnly": false,
      "isRequired": false,
      "isSortable": true,
      "isVirtual": false,
      "reference": null,
      "inverseOf": null,
      "validations": []
    }, {
      "field": "firstName",
      "type": "String",
      "defaultValue": null,
      "enums": null,
      "integration": null,
      "isFilterable": true,
      "isReadOnly": false,
      "isRequired": false,
      "isSortable": true,
      "isVirtual": false,
      "reference": null,
      "inverseOf": null,
      "validations": []
    }, {
      "field": "hashed_pwd",
      "type": "String",
      "defaultValue": null,
      "enums": null,
      "integration": null,
      "isFilterable": true,
      "isReadOnly": false,
      "isRequired": false,
      "isSortable": true,
      "isVirtual": false,
      "reference": null,
      "inverseOf": null,
      "validations": []
    }, {
      "field": "lastName",
      "type": "String",
      "defaultValue": null,
      "enums": null,
      "integration": null,
      "isFilterable": true,
      "isReadOnly": false,
      "isRequired": false,
      "isSortable": true,
      "isVirtual": false,
      "reference": null,
      "inverseOf": null,
      "validations": []
    }, {
      "field": "roles",
      "type": ["String"],
      "defaultValue": null,
      "enums": null,
      "integration": null,
      "isFilterable": true,
      "isReadOnly": false,
      "isRequired": false,
      "isSortable": true,
      "isVirtual": false,
      "reference": null,
      "inverseOf": null,
      "validations": []
    }, {
      "field": "salt",
      "type": "String",
      "defaultValue": null,
      "enums": null,
      "integration": null,
      "isFilterable": true,
      "isReadOnly": false,
      "isRequired": false,
      "isSortable": true,
      "isVirtual": false,
      "reference": null,
      "inverseOf": null,
      "validations": []
    }],
    "segments": [],
    "actions": []
  }],
  "meta": {
    "database_type": "MongoDB",
    "liana": "forest-express-mongoose",
    "liana_version": "6.3.5",
    "engine": "nodejs",
    "engine_version": "14.2.0",
    "framework": "express",
    "framework_version": "~4.16.3",
    "orm_version": "5.8.13"
  }
}
